{
  "@id": "score-calc",
  "@type":"koio:KnowledgeObject",
  "identifier" : "ark:/score/calc",
  "version":"v0.1.0",
  "title" : "Ten-year Fatal Cardiovascular Risk Calculation based on SCORE project (Example KO - Plain) ",
  "description" : "Estimating ten-year risk of fatal cardiovascular disease based on SCORE project. This version uses  a single plain javascript file as payload.",
  "keywords" : ["SCORE, ten-year", "Cardiovascular risk", "calculation"],
  "hasServiceSpecification" : "service.yaml",
  "hasDeploymentSpecification": "service.yaml",
  "hasPayload": "score.js",
  "@context" : ["http://kgrid.org/koio/contexts/knowledgeobject.jsonld" ]
}
