{
  "@id": "score-calc",
  "@type":"koio:KnowledgeObject",
  "identifier" : "ark:/score/calc",
  "version":"v0.3.0",
  "title" : "Ten-year Fatal Cardiovascular Risk Calculation based on SCORE project (Example KO - Bundled with a npm package) ",
  "description" : "Estimating ten-year risk of fatal cardiovascular disease based on SCORE project. This version bundled the javascript code with externalized data files and a Node.js library of 'lodash'",
  "keywords" : ["SCORE, ten-year", "Cardiovascular risk", "calculation"],
  "hasServiceSpecification" : "service.yaml",
  "hasDeploymentSpecification": "service.yaml",
  "hasPayload": "dist/main.js",
  "@context" : ["http://kgrid.org/koio/contexts/knowledgeobject.jsonld" ]
}
