{
  "@id" : "V8/simple/v1.0",
  "@type" : "koio:KnowledgeObject",
  "title" : "the best hello world ever",
  "identifier" : "ark:/V8/simple/v1.0",
  "version" : "v1.0",
  "description" : "A V8 object with one artifact",
  "contributors" : "Kgrid Team",
  "keywords" : [ "Hello", "example" ],
  "hasServiceSpecification" : "service.yaml",
  "hasDeploymentSpecification" : "deployment.yaml",
  "hasPayload" : "src/index.js",
  "@context" : [ "http://kgrid.org/koio/contexts/knowledgeobject.jsonld" ]
}
