{
    "@id": "99999-fk4n99hh99",
    "@type": "koio:KnowledgeObject",
    "identifier": "ark:/99999/fk4n99hh99",
    "version":"v0.0.2",
    "title": "Implementation of Dalcetrapib ADCY9 Intepretation Recommender",
    "description" : "Dalcetrapib ADCY9 Intepretation",
    "keywords" : ["Dalcetrapib", "ADCY9"],
    "hasServiceSpecification": "service.yaml",
    "hasDeploymentSpecification": "service.yaml",
    "hasPayload": "rs1967309interpret.js",
    "@context": [
        "http://kgrid.org/koio/contexts/knowledgeobject.jsonld"
    ]
}
