{
  "@id": "js/executive/v1.0",
  "@type": "koio:KnowledgeObject",
  "identifier": "ark:/js/executive/v1.0",
  "version":"v1.0",
  "title": "Implementation of Example Executive Knowledge Object v1.0.0",
  "description" : "Executive Object Example",
  "keywords" : ["Executive Object", "example"],
  "hasServiceSpecification": "service.yaml",
  "hasDeploymentSpecification": "deployment.yaml",
  "hasPayload": "dist/main.js",
  "@context" : ["http://kgrid.org/koio/contexts/knowledgeobject.jsonld" ]
}
